model_name,cv_accuracy_mean
XGBoost,0.8350260498399347
random_forest,0.8316552633230808
catboost,0.8305316678174629
NeuralNet,0.827154604230745
lightGBM,0.8238089259933463
Lasso (L1),0.8137153976523759
Ridge (L2),0.8114744837110038
ElasticNet,0.8092335697696316
decision_tree,0.8081350825434687
KNN,0.808097420124286
dummy_classifier,0.6161634548992531
